EAN           ;EQUIPE           ;VENDEDOR  ;JAN ;FEV ;MAR ;ABR ;MAI ;JUN ;JUL ;AGO ;SET ;OUT ;NOV ;DEZ
2411876356324 ;Hospitalar       ;Catarina  ; 67 ; 65 ; 47 ;  1 ;  9 ;  9 ;123 ; 44 ;123 ; 54 ;125 ;167
2411876356324 ;Hospitalar       ;Micaela   ;174 ; 23 ; 89 ;103 ;172 ; 67 ; 32 ; 18 ; 94 ; 81 ; 35 ; 58
2411876356324 ;Hospitalar       ;Emanuel   ; 66 ;117 ; 28 ; 38 ; 73 ;165 ;146 ; 39 ; 34 ; 72 ;152 ; 24
2411876356324 ;Hospitalar       ;André     ;118 ;102 ;111 ; 40 ;107 ; 18 ;172 ; 61 ;148 ; 44 ;  0 ;158
2411876356324 ;Hospitalar       ;Tiago     ;137 ; 25 ;122 ; 22 ;136 ;124 ;177 ;104 ;153 ;  6 ; 10 ;152
2411876356324 ;Hospitalar       ;Sarah     ; 61 ;161 ;163 ; 38 ; 73 ; 31 ; 72 ;135 ;126 ; 37 ;144 ; 81
2411876356324 ;Hospitalar       ;Vitória   ;101 ; 60 ; 31 ; 56 ; 93 ; 54 ; 81 ; 42 ; 45 ; 55 ;159 ;147
2411876356324 ;Hospitalar       ;Dulce     ;  3 ; 55 ; 65 ;175 ; 86 ; 87 ; 13 ;100 ; 83 ; 40 ; 29 ;108
2411876356324 ;Hospitalar       ;Rafael    ;136 ; 78 ;173 ;175 ;167 ; 50 ;147 ; 72 ;  0 ; 28 ; 43 ; 77
2411876356324 ;Hospitalar       ;Guilherme ; 94 ;136 ;107 ; 45 ;  8 ; 11 ;136 ;156 ;  8 ;163 ;121 ;131
2686267116626 ;Hospitalar       ;Catarina  ; 90 ;146 ; 71 ;143 ; 42 ;154 ; 51 ; 31 ; 88 ; 81 ; 77 ;  1
2686267116626 ;Hospitalar       ;Micaela   ; 50 ; 59 ; 37 ; 61 ; 64 ; 92 ;162 ; 68 ;  2 ; 42 ;167 ;102
2686267116626 ;Hospitalar       ;Emanuel   ; 47 ;109 ; 32 ;133 ; 89 ;125 ; 22 ;154 ;142 ;148 ; 90 ;124
2686267116626 ;Hospitalar       ;André     ; 66 ; 11 ; 56 ; 15 ;129 ;  2 ; 65 ;141 ; 49 ;  7 ;139 ;  7
2686267116626 ;Hospitalar       ;Tiago     ; 48 ;154 ;126 ;137 ; 38 ; 18 ;113 ; 83 ;142 ;164 ;150 ; 38
2686267116626 ;Hospitalar       ;Sarah     ; 74 ; 36 ; 84 ;150 ;112 ;168 ; 36 ; 27 ;171 ;160 ;129 ; 31
2686267116626 ;Hospitalar       ;Vitória   ; 80 ;  5 ;  3 ; 81 ; 64 ;118 ;  5 ; 53 ;130 ; 93 ;165 ; 27
2686267116626 ;Hospitalar       ;Dulce     ; 85 ;  4 ; 62 ; 53 ;  9 ; 57 ; 35 ; 43 ; 46 ; 76 ; 25 ;114
2686267116626 ;Hospitalar       ;Rafael    ; 71 ; 70 ; 76 ;131 ; 12 ; 19 ; 65 ; 49 ;103 ;123 ;115 ;108
2686267116626 ;Hospitalar       ;Guilherme ;  5 ;118 ; 66 ; 62 ; 90 ;150 ;133 ; 17 ; 60 ;135 ; 27 ;156
4600312108192 ;Hospitalar       ;Catarina  ;129 ; 85 ;178 ; 24 ;172 ; 78 ; 48 ;137 ;135 ;119 ;104 ;109
4600312108192 ;Hospitalar       ;Micaela   ; 28 ;177 ;  5 ;131 ; 81 ;140 ; 79 ;157 ;  1 ; 78 ; 16 ; 89
4600312108192 ;Hospitalar       ;Emanuel   ;  1 ;  3 ; 54 ; 10 ;157 ; 93 ; 95 ; 82 ; 16 ; 72 ;144 ;136
4600312108192 ;Hospitalar       ;André     ; 11 ;  2 ;144 ; 86 ; 40 ; 79 ; 23 ;164 ;167 ;101 ; 61 ; 14
4600312108192 ;Hospitalar       ;Tiago     ;113 ;  0 ;134 ; 43 ; 91 ;170 ;154 ;121 ; 74 ;142 ; 58 ; 27
4600312108192 ;Hospitalar       ;Sarah     ; 17 ; 48 ; 46 ; 29 ;110 ;163 ; 28 ; 73 ; 53 ; 37 ;132 ; 19
4600312108192 ;Hospitalar       ;Vitória   ; 16 ;167 ; 17 ; 56 ;113 ; 11 ;135 ;137 ;159 ; 50 ;  9 ;124
4600312108192 ;Hospitalar       ;Dulce     ;167 ;143 ; 19 ;141 ;143 ;148 ; 39 ;120 ;149 ;122 ;124 ; 12
4600312108192 ;Hospitalar       ;Rafael    ;  2 ;109 ; 25 ;173 ;144 ; 68 ; 42 ;148 ;121 ;  1 ; 72 ; 49
4600312108192 ;Hospitalar       ;Guilherme ; 23 ; 99 ; 42 ;170 ; 57 ; 91 ; 39 ; 98 ;109 ; 87 ;170 ;156
5629915705967 ;Hospitalar       ;Catarina  ;157 ; 83 ;173 ;166 ; 12 ; 51 ;165 ;177 ; 64 ; 91 ;142 ; 20
5629915705967 ;Hospitalar       ;Micaela   ;  8 ; 15 ;115 ; 74 ;151 ;154 ; 65 ; 63 ;106 ;133 ;103 ;149
5629915705967 ;Hospitalar       ;Emanuel   ; 21 ;  3 ;156 ;165 ;130 ;155 ; 53 ; 13 ; 58 ;105 ;132 ; 76
5629915705967 ;Hospitalar       ;André     ; 70 ;166 ; 36 ; 43 ;143 ; 30 ;  0 ;  0 ;177 ;160 ;146 ;120
5629915705967 ;Hospitalar       ;Tiago     ;164 ; 88 ; 26 ; 54 ; 92 ;126 ; 67 ; 85 ;134 ; 30 ;144 ; 76
5629915705967 ;Hospitalar       ;Sarah     ;137 ; 12 ;128 ;173 ; 97 ; 92 ; 32 ; 73 ; 31 ; 86 ; 67 ;  8
5629915705967 ;Hospitalar       ;Vitória   ; 27 ;160 ;108 ; 76 ;178 ;151 ; 78 ;121 ;171 ;113 ;176 ;149
5629915705967 ;Hospitalar       ;Dulce     ; 93 ;154 ;114 ;131 ; 83 ; 61 ;171 ;168 ;150 ; 13 ;162 ; 10
5629915705967 ;Hospitalar       ;Rafael    ;116 ;118 ; 46 ; 34 ; 30 ; 90 ;165 ;115 ; 81 ;104 ; 38 ; 48
5629915705967 ;Hospitalar       ;Guilherme ;161 ;126 ;117 ; 32 ;114 ;163 ; 90 ;  4 ; 62 ; 44 ; 14 ; 16
5892103329345 ;Hospitalar       ;Catarina  ; 11 ;127 ; 88 ; 83 ; 83 ;172 ;109 ; 51 ; 74 ;154 ;120 ; 45
5892103329345 ;Hospitalar       ;Micaela   ;121 ;151 ;  2 ;147 ; 70 ; 52 ; 75 ; 58 ; 64 ;100 ; 91 ; 79
5892103329345 ;Hospitalar       ;Emanuel   ; 93 ; 83 ;126 ;142 ; 98 ;135 ;102 ; 72 ;165 ; 10 ; 84 ;142
5892103329345 ;Hospitalar       ;André     ; 88 ;155 ; 54 ;106 ; 77 ;171 ; 67 ; 88 ;123 ; 32 ;  3 ; 98
5892103329345 ;Hospitalar       ;Tiago     ;158 ; 50 ; 43 ;111 ; 90 ; 90 ; 64 ; 31 ;111 ; 17 ; 27 ;132
5892103329345 ;Hospitalar       ;Sarah     ;101 ;122 ; 88 ; 32 ; 66 ;111 ;152 ; 23 ; 88 ;105 ; 78 ; 70
5892103329345 ;Hospitalar       ;Vitória   ;104 ;  3 ;156 ;115 ;168 ;104 ;  1 ;103 ; 58 ;170 ; 10 ;117
5892103329345 ;Hospitalar       ;Dulce     ;143 ; 97 ;107 ; 77 ; 65 ; 45 ; 40 ;147 ; 33 ;171 ;133 ;133
5892103329345 ;Hospitalar       ;Rafael    ;176 ; 19 ; 97 ; 73 ;129 ;  3 ; 82 ; 44 ;127 ; 76 ; 86 ;  0
5892103329345 ;Hospitalar       ;Guilherme ;130 ; 35 ; 78 ;164 ;177 ;111 ;108 ;170 ;137 ;111 ; 70 ;153
7055812062124 ;Hospitalar       ;Catarina  ;  6 ;123 ;125 ; 82 ;108 ;165 ;136 ;138 ;116 ; 45 ; 70 ; 54
7055812062124 ;Hospitalar       ;Micaela   ; 66 ;178 ; 96 ;170 ; 52 ; 77 ;176 ;177 ;161 ;174 ; 62 ; 64
7055812062124 ;Hospitalar       ;Emanuel   ;164 ; 59 ; 51 ; 40 ;140 ; 40 ; 36 ; 70 ;  4 ;101 ;102 ;133
7055812062124 ;Hospitalar       ;André     ; 97 ;106 ; 16 ; 69 ; 59 ; 55 ;172 ;146 ; 88 ;171 ;156 ;115
7055812062124 ;Hospitalar       ;Tiago     ;122 ;174 ;141 ;150 ;123 ;122 ; 11 ; 55 ; 50 ;167 ;172 ;117
7055812062124 ;Hospitalar       ;Sarah     ; 38 ; 85 ;106 ;115 ; 58 ;152 ; 68 ;  5 ; 23 ; 33 ;129 ; 85
7055812062124 ;Hospitalar       ;Vitória   ;137 ;147 ; 80 ; 84 ; 98 ; 99 ; 16 ; 92 ;168 ; 27 ; 79 ;120
7055812062124 ;Hospitalar       ;Dulce     ; 78 ; 45 ;155 ; 64 ; 27 ; 48 ;106 ; 42 ; 22 ; 96 ;114 ; 30
7055812062124 ;Hospitalar       ;Rafael    ; 52 ; 65 ;136 ; 26 ;153 ;142 ; 54 ;171 ; 39 ;125 ;131 ;120
7055812062124 ;Hospitalar       ;Guilherme ;117 ;131 ;146 ; 10 ;178 ; 66 ; 77 ; 29 ; 89 ;135 ; 43 ;169
7130188814477 ;Hospitalar       ;Catarina  ; 42 ; 94 ; 61 ;  9 ; 85 ; 82 ;125 ;173 ;115 ;166 ; 89 ; 86
7130188814477 ;Hospitalar       ;Micaela   ;101 ; 46 ; 86 ;160 ; 70 ; 24 ; 33 ; 26 ;130 ; 80 ;106 ;165
7130188814477 ;Hospitalar       ;Emanuel   ; 49 ; 62 ;  7 ;175 ;173 ;157 ;  2 ; 82 ;144 ; 89 ;134 ;  9
7130188814477 ;Hospitalar       ;André     ;120 ;146 ; 38 ;177 ; 34 ; 12 ;159 ; 51 ;160 ;143 ; 91 ;139
7130188814477 ;Hospitalar       ;Tiago     ; 37 ;130 ; 12 ;141 ;155 ; 25 ; 48 ; 32 ; 13 ;149 ; 46 ; 49
7130188814477 ;Hospitalar       ;Sarah     ; 95 ;  1 ; 30 ; 32 ; 67 ; 60 ;135 ;120 ;169 ;132 ; 73 ; 59
7130188814477 ;Hospitalar       ;Vitória   ; 30 ;143 ; 78 ; 23 ; 11 ; 98 ; 63 ;  9 ; 25 ; 53 ; 19 ;162
7130188814477 ;Hospitalar       ;Dulce     ; 89 ; 83 ; 57 ;144 ; 78 ;152 ; 85 ;140 ; 37 ;  2 ; 31 ; 27
7130188814477 ;Hospitalar       ;Rafael    ;163 ; 26 ;130 ;164 ;156 ;109 ; 39 ; 71 ;150 ;109 ;104 ;115
7130188814477 ;Hospitalar       ;Guilherme ;136 ; 86 ; 83 ;145 ; 86 ;136 ;112 ;111 ;109 ; 80 ; 70 ; 85
8800809928833 ;Hospitalar       ;Catarina  ;117 ;121 ; 21 ; 35 ; 68 ;173 ;159 ;176 ;147 ;120 ;127 ;122
8800809928833 ;Hospitalar       ;Micaela   ;165 ;145 ; 42 ;158 ; 10 ;150 ; 60 ;115 ; 47 ; 45 ; 98 ; 69
8800809928833 ;Hospitalar       ;Emanuel   ; 36 ; 95 ;124 ; 31 ;122 ;116 ;174 ;129 ;158 ; 68 ; 25 ; 69
8800809928833 ;Hospitalar       ;André     ; 70 ; 10 ;112 ;164 ;178 ;115 ;168 ;145 ; 96 ; 32 ; 48 ; 60
8800809928833 ;Hospitalar       ;Tiago     ;161 ; 28 ; 20 ; 92 ; 86 ; 65 ;  5 ; 64 ; 92 ;155 ;173 ; 31
8800809928833 ;Hospitalar       ;Sarah     ;172 ;129 ;178 ; 12 ; 48 ; 72 ;157 ;161 ; 66 ;173 ; 98 ; 90
8800809928833 ;Hospitalar       ;Vitória   ; 14 ; 61 ; 89 ;128 ; 81 ;113 ;127 ; 40 ; 40 ; 45 ;171 ; 65
8800809928833 ;Hospitalar       ;Dulce     ;155 ; 12 ; 39 ; 41 ; 68 ; 84 ;117 ; 65 ; 14 ; 83 ; 24 ; 35
8800809928833 ;Hospitalar       ;Rafael    ; 19 ;110 ;  9 ;161 ; 53 ; 85 ; 49 ; 77 ; 14 ;124 ;142 ; 56
8800809928833 ;Hospitalar       ;Guilherme ; 99 ; 68 ;121 ;174 ; 15 ;126 ; 64 ; 46 ;148 ; 32 ;141 ; 54
9581071715309 ;Hospitalar       ;Catarina  ; 14 ; 72 ; 51 ; 65 ; 78 ;153 ; 76 ;136 ; 35 ; 89 ; 18 ; 85
9581071715309 ;Hospitalar       ;Micaela   ; 45 ;102 ;129 ;123 ; 81 ; 57 ;176 ; 98 ; 79 ; 85 ; 74 ; 57
9581071715309 ;Hospitalar       ;Emanuel   ; 43 ;153 ;157 ; 68 ; 93 ;126 ; 94 ; 78 ;  1 ; 61 ; 51 ; 10
9581071715309 ;Hospitalar       ;André     ;132 ; 83 ;165 ; 90 ; 78 ;170 ; 77 ;172 ; 12 ; 16 ;135 ; 78
9581071715309 ;Hospitalar       ;Tiago     ; 84 ; 76 ;155 ; 15 ; 90 ; 57 ;145 ; 14 ; 14 ;173 ; 62 ;101
9581071715309 ;Hospitalar       ;Sarah     ;136 ;103 ;170 ;145 ; 98 ; 39 ; 49 ;127 ;178 ;103 ;166 ;178
9581071715309 ;Hospitalar       ;Vitória   ;117 ;  4 ; 57 ; 93 ;  6 ; 25 ;150 ;125 ;115 ; 22 ; 90 ; 13
9581071715309 ;Hospitalar       ;Dulce     ; 60 ;142 ;109 ; 90 ;170 ; 38 ; 22 ; 47 ; 15 ; 15 ;  7 ;  2
9581071715309 ;Hospitalar       ;Rafael    ; 76 ;  7 ; 40 ; 74 ;135 ;137 ;116 ; 68 ; 13 ; 72 ;135 ;  8
9581071715309 ;Hospitalar       ;Guilherme ; 98 ; 55 ;150 ;148 ;110 ; 80 ; 56 ;116 ; 81 ;117 ;157 ; 46
2411876356324 ;Vendas           ;Catarina  ; 65 ; 36 ; 46 ;115 ; 48 ;121 ; 26 ; 48 ; 17 ; 62 ;137 ; 46
2411876356324 ;Vendas           ;Micaela   ; 88 ; 19 ;166 ; 65 ;132 ; 81 ; 88 ;169 ; 25 ;106 ; 47 ; 86
2411876356324 ;Vendas           ;Emanuel   ;102 ; 74 ;112 ;173 ; 36 ; 81 ; 92 ; 67 ;154 ;159 ;157 ;131
2411876356324 ;Vendas           ;André     ;153 ;153 ; 58 ;106 ; 96 ; 90 ;129 ;154 ;172 ;136 ;163 ;100
2411876356324 ;Vendas           ;Tiago     ; 26 ; 64 ; 65 ; 83 ;126 ;  9 ;  9 ; 48 ; 25 ; 35 ; 96 ; 68
2411876356324 ;Vendas           ;Sarah     ; 89 ; 15 ;172 ; 90 ; 87 ;168 ;144 ;118 ; 14 ; 90 ; 71 ; 72
2411876356324 ;Vendas           ;Vitória   ; 88 ; 38 ;122 ;168 ;176 ;178 ;135 ;127 ; 37 ; 10 ;169 ;115
2411876356324 ;Vendas           ;Dulce     ;102 ; 63 ;158 ;130 ; 77 ; 30 ;149 ; 91 ; 41 ;147 ;141 ; 82
2411876356324 ;Vendas           ;Rafael    ;133 ; 82 ; 38 ; 81 ;114 ; 44 ; 56 ;143 ; 66 ;160 ; 52 ; 50
2411876356324 ;Vendas           ;Guilherme ; 26 ; 12 ; 24 ; 31 ;114 ; 70 ; 97 ; 65 ;137 ;  3 ; 43 ; 34
2686267116626 ;Vendas           ;Catarina  ; 51 ;129 ; 29 ; 88 ; 24 ;135 ;118 ; 98 ;158 ; 52 ;146 ;121
2686267116626 ;Vendas           ;Micaela   ; 94 ; 84 ; 15 ;161 ;124 ; 27 ; 24 ; 77 ; 34 ;165 ; 36 ;159
2686267116626 ;Vendas           ;Emanuel   ; 29 ; 99 ; 65 ;114 ;  8 ; 62 ; 64 ; 43 ;161 ;  2 ; 47 ;147
2686267116626 ;Vendas           ;André     ; 59 ;111 ;147 ;157 ; 18 ; 29 ;158 ; 13 ; 22 ;131 ;169 ;  6
2686267116626 ;Vendas           ;Tiago     ; 33 ; 97 ; 16 ;115 ; 74 ; 46 ;117 ; 44 ;145 ; 60 ;145 ; 81
2686267116626 ;Vendas           ;Sarah     ; 84 ;138 ;  3 ; 55 ; 66 ; 74 ; 25 ; 15 ;165 ; 27 ; 31 ;158
2686267116626 ;Vendas           ;Vitória   ; 10 ;  5 ;148 ;160 ;144 ;154 ;168 ; 85 ;132 ;114 ;137 ;114
2686267116626 ;Vendas           ;Dulce     ; 10 ;170 ;142 ; 21 ;173 ; 40 ;129 ;166 ;134 ;103 ;154 ;139
2686267116626 ;Vendas           ;Rafael    ;128 ; 93 ;119 ; 84 ; 86 ; 53 ; 71 ; 82 ; 50 ;168 ; 45 ; 95
2686267116626 ;Vendas           ;Guilherme ; 63 ; 60 ; 38 ; 97 ; 27 ; 99 ;108 ;166 ;164 ; 87 ; 95 ; 92
4600312108192 ;Vendas           ;Catarina  ;160 ; 30 ;117 ; 46 ;171 ; 35 ;148 ; 84 ;118 ; 60 ;135 ; 31
4600312108192 ;Vendas           ;Micaela   ; 92 ;142 ;172 ;136 ; 40 ;164 ; 16 ; 10 ;158 ;162 ;158 ; 65
4600312108192 ;Vendas           ;Emanuel   ;149 ;  0 ; 69 ;109 ; 53 ; 31 ;100 ; 60 ; 47 ; 13 ; 29 ;  7
4600312108192 ;Vendas           ;André     ; 45 ; 66 ;133 ; 10 ;175 ; 90 ; 77 ;111 ;109 ; 43 ; 44 ;161
4600312108192 ;Vendas           ;Tiago     ; 67 ;134 ; 23 ;  6 ; 88 ;175 ; 41 ; 12 ; 17 ; 12 ;177 ; 31
4600312108192 ;Vendas           ;Sarah     ; 96 ;113 ; 31 ;117 ;101 ;176 ; 77 ;175 ;130 ; 16 ;103 ; 18
4600312108192 ;Vendas           ;Vitória   ;114 ;140 ;174 ;132 ; 83 ; 96 ; 56 ;136 ; 26 ;108 ;153 ; 43
4600312108192 ;Vendas           ;Dulce     ; 77 ;113 ;164 ;100 ;178 ; 26 ;110 ; 22 ; 96 ; 12 ; 63 ;155
4600312108192 ;Vendas           ;Rafael    ;159 ;137 ; 84 ;109 ;101 ;  1 ;111 ; 74 ;102 ;163 ; 86 ;142
4600312108192 ;Vendas           ;Guilherme ; 71 ; 29 ; 31 ; 17 ;160 ;119 ; 74 ; 60 ; 37 ;135 ;  7 ;101
5629915705967 ;Vendas           ;Catarina  ;  0 ;161 ;130 ;118 ; 70 ; 45 ; 69 ;140 ;151 ; 60 ; 69 ; 51
5629915705967 ;Vendas           ;Micaela   ; 12 ;  3 ; 67 ;171 ; 88 ;110 ; 64 ;113 ;114 ;110 ; 29 ;141
5629915705967 ;Vendas           ;Emanuel   ;145 ;168 ;117 ;171 ;164 ; 21 ;177 ;171 ; 61 ;118 ; 67 ;171
5629915705967 ;Vendas           ;André     ;  4 ; 41 ;107 ;112 ;152 ;107 ; 13 ;  8 ;105 ;168 ;158 ;100
5629915705967 ;Vendas           ;Tiago     ;107 ; 75 ; 11 ; 46 ;111 ; 31 ;159 ;174 ; 76 ; 85 ; 22 ;147
5629915705967 ;Vendas           ;Sarah     ;146 ; 87 ; 70 ; 58 ; 75 ; 84 ;172 ; 68 ; 89 ; 66 ;131 ; 15
5629915705967 ;Vendas           ;Vitória   ; 42 ;127 ; 33 ; 33 ;124 ; 88 ;127 ;  2 ; 68 ;146 ; 10 ; 53
5629915705967 ;Vendas           ;Dulce     ; 17 ; 25 ; 59 ;  9 ; 42 ;129 ; 94 ; 80 ; 11 ;  3 ;  4 ; 51
5629915705967 ;Vendas           ;Rafael    ;164 ; 39 ; 46 ; 75 ; 83 ;138 ;172 ; 48 ;176 ;112 ; 23 ; 38
5629915705967 ;Vendas           ;Guilherme ; 87 ; 90 ; 68 ;133 ;170 ; 58 ;135 ; 37 ;118 ; 17 ; 96 ;162
5892103329345 ;Vendas           ;Catarina  ; 10 ; 47 ;  2 ; 95 ;147 ; 52 ;153 ;  6 ;  1 ;140 ; 26 ; 70
5892103329345 ;Vendas           ;Micaela   ;171 ; 56 ;116 ; 27 ;100 ;178 ; 70 ;103 ;114 ;121 ;167 ;100
5892103329345 ;Vendas           ;Emanuel   ; 13 ; 80 ; 18 ;117 ;131 ; 64 ; 63 ;135 ; 31 ; 50 ;  2 ;147
5892103329345 ;Vendas           ;André     ;126 ; 92 ;107 ; 37 ; 83 ; 38 ;106 ; 15 ; 17 ; 80 ; 69 ; 33
5892103329345 ;Vendas           ;Tiago     ; 90 ; 12 ;  7 ; 49 ;  4 ;151 ; 40 ; 38 ;159 ;143 ;171 ;110
5892103329345 ;Vendas           ;Sarah     ;178 ;115 ;108 ;140 ; 68 ; 38 ; 95 ;109 ; 86 ;176 ; 68 ;107
5892103329345 ;Vendas           ;Vitória   ; 60 ;143 ; 53 ; 29 ;124 ;157 ; 84 ;143 ;174 ; 63 ; 51 ;  2
5892103329345 ;Vendas           ;Dulce     ;100 ;  0 ; 11 ;111 ; 10 ;104 ; 29 ;131 ;  1 ; 82 ;113 ; 45
5892103329345 ;Vendas           ;Rafael    ; 29 ;  5 ; 20 ; 99 ; 39 ;115 ; 68 ;166 ;151 ;169 ; 17 ;143
5892103329345 ;Vendas           ;Guilherme ;101 ;160 ;121 ;171 ; 79 ; 28 ;151 ;  9 ;159 ; 45 ; 65 ;114
7055812062124 ;Vendas           ;Catarina  ;110 ; 80 ;167 ;177 ; 30 ;161 ; 90 ; 94 ;178 ;  1 ;152 ;125
7055812062124 ;Vendas           ;Micaela   ; 62 ; 30 ; 56 ; 14 ; 18 ;103 ;125 ;176 ;102 ;116 ; 41 ;109
7055812062124 ;Vendas           ;Emanuel   ; 43 ; 93 ; 19 ;145 ; 39 ;164 ;162 ; 27 ;119 ;133 ;  7 ; 20
7055812062124 ;Vendas           ;André     ; 63 ; 10 ; 41 ;140 ; 15 ;126 ;119 ; 45 ; 55 ;154 ;166 ; 36
7055812062124 ;Vendas           ;Tiago     ;114 ; 82 ;137 ;165 ;151 ;121 ; 33 ;150 ;143 ;141 ;169 ; 32
7055812062124 ;Vendas           ;Sarah     ; 22 ; 27 ;149 ; 87 ; 23 ;167 ; 85 ; 27 ;130 ; 31 ;173 ;  8
7055812062124 ;Vendas           ;Vitória   ;114 ;162 ; 66 ;  2 ; 28 ; 86 ; 24 ;  7 ;100 ; 81 ; 58 ;117
7055812062124 ;Vendas           ;Dulce     ; 44 ;107 ; 38 ; 95 ;143 ; 15 ;  6 ;155 ; 91 ;164 ;141 ;156
7055812062124 ;Vendas           ;Rafael    ;125 ;157 ;  7 ; 28 ;169 ; 34 ; 91 ;132 ; 49 ;178 ;174 ;106
7055812062124 ;Vendas           ;Guilherme ;139 ;112 ; 15 ; 21 ;158 ; 51 ; 20 ;144 ; 44 ; 60 ;111 ;146
7130188814477 ;Vendas           ;Catarina  ; 70 ;120 ;167 ;111 ; 65 ; 92 ; 22 ; 24 ;108 ; 62 ;154 ;139
7130188814477 ;Vendas           ;Micaela   ;  3 ; 12 ; 26 ;109 ; 71 ;177 ;178 ;  5 ;148 ; 38 ;160 ;109
7130188814477 ;Vendas           ;Emanuel   ; 55 ;167 ; 94 ; 66 ; 82 ; 45 ; 33 ; 44 ; 70 ;108 ; 62 ; 21
7130188814477 ;Vendas           ;André     ; 50 ; 17 ;148 ;153 ;121 ;146 ;165 ; 55 ; 69 ;156 ; 41 ;100
7130188814477 ;Vendas           ;Tiago     ;145 ; 38 ;119 ;  7 ; 66 ;139 ;165 ; 81 ; 90 ; 29 ; 76 ;  6
7130188814477 ;Vendas           ;Sarah     ; 86 ;152 ; 71 ;105 ;126 ; 22 ;171 ; 55 ; 47 ; 63 ; 17 ; 66
7130188814477 ;Vendas           ;Vitória   ; 83 ; 70 ;173 ;168 ; 84 ;151 ; 52 ;144 ; 37 ;125 ; 32 ;103
7130188814477 ;Vendas           ;Dulce     ; 41 ;168 ; 52 ;122 ;128 ; 85 ;104 ;168 ;141 ; 78 ; 10 ;106
7130188814477 ;Vendas           ;Rafael    ; 64 ; 51 ; 47 ;113 ;140 ; 55 ;145 ;  8 ;114 ;172 ;163 ;168
7130188814477 ;Vendas           ;Guilherme ;126 ;101 ; 96 ;137 ;161 ; 38 ;173 ; 86 ;169 ; 72 ; 61 ;177
8800809928833 ;Vendas           ;Catarina  ;137 ; 56 ; 44 ; 44 ;161 ; 64 ;178 ; 19 ;142 ;  9 ; 40 ; 37
8800809928833 ;Vendas           ;Micaela   ;153 ;164 ; 34 ; 19 ; 93 ;120 ;125 ;102 ; 71 ;157 ; 26 ; 78
8800809928833 ;Vendas           ;Emanuel   ;176 ;122 ; 81 ;144 ;101 ; 92 ; 10 ; 39 ;136 ;  1 ; 82 ; 71
8800809928833 ;Vendas           ;André     ;148 ;  7 ; 50 ;172 ; 64 ;174 ; 45 ;148 ; 18 ; 92 ; 24 ;142
8800809928833 ;Vendas           ;Tiago     ; 96 ;112 ; 14 ;114 ;155 ; 53 ; 57 ; 86 ;174 ; 65 ; 34 ;153
8800809928833 ;Vendas           ;Sarah     ;156 ;  8 ;134 ; 39 ;  5 ;117 ; 49 ;131 ; 49 ; 11 ;  4 ; 87
8800809928833 ;Vendas           ;Vitória   ; 37 ;178 ;100 ;144 ;108 ; 30 ; 87 ;112 ;145 ;148 ; 13 ;152
8800809928833 ;Vendas           ;Dulce     ; 68 ; 50 ; 95 ; 83 ; 51 ; 88 ;129 ; 64 ;148 ; 26 ;140 ;168
8800809928833 ;Vendas           ;Rafael    ; 54 ;119 ;  9 ; 84 ;  5 ; 10 ; 41 ; 49 ; 29 ; 90 ;160 ; 99
8800809928833 ;Vendas           ;Guilherme ; 84 ; 89 ; 28 ;  8 ; 69 ; 99 ; 93 ;169 ; 98 ;159 ;145 ; 95
9581071715309 ;Vendas           ;Catarina  ;155 ; 29 ;156 ; 34 ;106 ;107 ; 69 ; 17 ; 52 ; 45 ; 47 ; 36
9581071715309 ;Vendas           ;Micaela   ; 18 ; 99 ;131 ;  0 ; 18 ; 52 ;170 ; 54 ;128 ; 20 ;125 ;131
9581071715309 ;Vendas           ;Emanuel   ;102 ;178 ; 15 ; 88 ; 89 ; 68 ; 35 ;108 ;154 ; 35 ;167 ; 71
9581071715309 ;Vendas           ;André     ; 85 ; 55 ; 59 ; 86 ;117 ;129 ; 49 ;104 ; 91 ;160 ;104 ; 67
9581071715309 ;Vendas           ;Tiago     ; 95 ;132 ;138 ;129 ; 50 ;137 ; 84 ; 39 ;114 ; 41 ;138 ; 13
9581071715309 ;Vendas           ;Sarah     ;170 ;154 ; 20 ; 96 ;122 ;110 ;100 ; 51 ; 90 ;  4 ; 51 ; 77
9581071715309 ;Vendas           ;Vitória   ;170 ; 96 ; 28 ;168 ; 87 ;153 ;142 ;  1 ; 33 ; 13 ;176 ; 65
9581071715309 ;Vendas           ;Dulce     ; 87 ; 82 ;135 ; 98 ;  6 ;  9 ;147 ;111 ; 48 ;  1 ; 67 ;124
9581071715309 ;Vendas           ;Rafael    ;168 ;145 ;106 ;177 ; 97 ;150 ; 92 ;  7 ; 85 ; 57 ;142 ; 22
9581071715309 ;Vendas           ;Guilherme ; 66 ; 16 ; 53 ; 10 ; 91 ; 34 ;155 ; 46 ;139 ;170 ; 17 ; 11
1236774484862 ;Comercial        ;Yasmin    ;161 ;146 ; 83 ; 17 ;125 ; 90 ;108 ;105 ; 64 ;178 ;159 ;  5
1236774484862 ;Comercial        ;Isabel    ; 73 ; 78 ;108 ;  1 ;176 ; 63 ;104 ; 13 ;177 ; 98 ;123 ;164
1236774484862 ;Comercial        ;Diana     ; 65 ; 58 ;172 ; 69 ; 43 ;144 ; 20 ; 46 ; 96 ;125 ; 61 ; 98
1236774484862 ;Comercial        ;Vitor     ; 97 ; 33 ; 99 ;101 ;100 ;149 ; 17 ; 84 ;122 ; 36 ; 15 ; 36
1236774484862 ;Comercial        ;Maurício  ; 22 ; 34 ;119 ; 49 ;141 ; 31 ;136 ; 99 ;121 ; 38 ;101 ;178
1236774484862 ;Comercial        ;Júlia     ; 22 ; 49 ;106 ;143 ; 64 ;149 ; 10 ;165 ; 10 ;104 ;120 ;118
1236774484862 ;Comercial        ;Leticia   ;172 ; 20 ; 91 ;177 ;  6 ; 63 ; 21 ;133 ; 87 ;176 ; 80 ;136
1236774484862 ;Comercial        ;Calebe    ; 11 ;157 ;118 ;111 ; 50 ;120 ; 30 ; 70 ; 38 ;123 ;134 ;173
1236774484862 ;Comercial        ;Igor      ;106 ;112 ;144 ;169 ; 86 ; 43 ;142 ; 79 ;176 ;119 ;142 ; 89
1236774484862 ;Comercial        ;Ângelo    ;162 ;123 ; 40 ;  7 ;  9 ;178 ; 51 ; 59 ;136 ;169 ;134 ;  4
4629526767636 ;Comercial        ;Yasmin    ; 22 ; 15 ; 24 ;145 ; 51 ; 22 ;147 ; 68 ; 85 ;117 ; 26 ; 50
4629526767636 ;Comercial        ;Isabel    ; 15 ; 23 ; 38 ;152 ;127 ;157 ;164 ;100 ;164 ;  1 ;129 ;121
4629526767636 ;Comercial        ;Diana     ;156 ;132 ; 94 ;  8 ;162 ; 50 ;119 ; 14 ;178 ;115 ; 90 ; 82
4629526767636 ;Comercial        ;Vitor     ; 65 ;151 ; 89 ; 60 ; 62 ; 53 ; 26 ;171 ;117 ; 83 ; 44 ;140
4629526767636 ;Comercial        ;Maurício  ; 18 ; 43 ;154 ; 95 ; 22 ;178 ;146 ; 33 ; 14 ;151 ;144 ; 31
4629526767636 ;Comercial        ;Júlia     ;130 ; 47 ; 47 ;169 ; 88 ; 97 ;156 ;147 ; 91 ; 97 ; 70 ; 78
4629526767636 ;Comercial        ;Leticia   ;126 ; 39 ; 93 ;166 ;125 ; 98 ;152 ; 69 ; 22 ; 64 ;116 ; 25
4629526767636 ;Comercial        ;Calebe    ; 22 ; 13 ; 99 ; 82 ; 47 ;  0 ; 29 ;115 ; 50 ; 93 ; 63 ;175
4629526767636 ;Comercial        ;Igor      ;136 ;118 ;130 ; 46 ;123 ; 32 ; 46 ;143 ; 42 ; 75 ;149 ; 69
4629526767636 ;Comercial        ;Ângelo    ; 21 ; 63 ; 72 ;167 ; 72 ;155 ;161 ; 86 ; 74 ;145 ; 37 ;122
5534351511007 ;Comercial        ;Yasmin    ; 66 ;119 ; 87 ;159 ; 43 ; 58 ; 11 ; 98 ;100 ; 50 ;104 ;148
5534351511007 ;Comercial        ;Isabel    ;  7 ;110 ;113 ;101 ;117 ;148 ;139 ; 21 ;132 ; 32 ; 42 ;129
5534351511007 ;Comercial        ;Diana     ;175 ;135 ;137 ; 83 ; 34 ;103 ; 74 ;173 ;162 ;134 ; 60 ; 67
5534351511007 ;Comercial        ;Vitor     ;125 ; 94 ; 24 ;178 ; 65 ;157 ;169 ; 46 ; 25 ;165 ; 59 ; 63
5534351511007 ;Comercial        ;Maurício  ;108 ; 36 ;178 ; 61 ; 83 ; 94 ;110 ;  1 ;127 ; 91 ;166 ; 46
5534351511007 ;Comercial        ;Júlia     ; 89 ; 34 ;173 ;111 ; 52 ;149 ; 32 ; 60 ;155 ;121 ; 35 ;  2
5534351511007 ;Comercial        ;Leticia   ; 43 ;  5 ;159 ; 26 ; 79 ;114 ;155 ;  9 ; 26 ;105 ;138 ; 59
5534351511007 ;Comercial        ;Calebe    ; 59 ;161 ; 74 ;164 ; 99 ; 36 ;165 ;174 ;125 ;114 ;114 ; 75
5534351511007 ;Comercial        ;Igor      ; 28 ; 78 ; 54 ;171 ;124 ;138 ; 69 ;125 ;146 ;155 ;143 ; 90
5534351511007 ;Comercial        ;Ângelo    ; 64 ;113 ; 99 ;152 ; 47 ;  2 ;148 ; 10 ; 91 ; 29 ;  1 ;105
7251452900182 ;Comercial        ;Yasmin    ; 65 ;111 ;172 ; 95 ; 66 ; 60 ; 85 ;174 ;154 ; 31 ;122 ; 48
7251452900182 ;Comercial        ;Isabel    ; 21 ;156 ;168 ;103 ;102 ;163 ;147 ; 87 ;139 ;102 ;166 ;172
7251452900182 ;Comercial        ;Diana     ; 78 ;  8 ;  6 ; 92 ;134 ; 22 ; 39 ; 72 ; 36 ; 85 ; 67 ;123
7251452900182 ;Comercial        ;Vitor     ;127 ; 91 ;140 ;146 ;156 ;116 ;  7 ; 52 ; 46 ;172 ; 14 ; 47
7251452900182 ;Comercial        ;Maurício  ; 88 ; 39 ;168 ;111 ;  7 ;131 ;107 ;  1 ; 34 ; 79 ;109 ; 74
7251452900182 ;Comercial        ;Júlia     ;116 ; 39 ; 26 ;107 ; 78 ; 72 ; 28 ;  6 ;101 ; 46 ;104 ;  3
7251452900182 ;Comercial        ;Leticia   ; 66 ;  3 ;110 ; 66 ;114 ;  7 ;167 ;157 ;110 ;120 ;161 ;136
7251452900182 ;Comercial        ;Calebe    ;177 ;129 ;100 ;156 ;121 ; 58 ;168 ; 41 ; 40 ;151 ; 26 ;174
7251452900182 ;Comercial        ;Igor      ; 12 ; 83 ; 39 ; 23 ; 48 ; 65 ; 18 ;  3 ;163 ;162 ;118 ; 52
7251452900182 ;Comercial        ;Ângelo    ;149 ; 88 ;  8 ;142 ; 67 ; 27 ; 23 ; 38 ;122 ; 37 ; 37 ; 81
7346695864115 ;Comercial        ;Yasmin    ; 51 ; 77 ;169 ; 78 ; 56 ;  4 ; 62 ;166 ;164 ;170 ; 66 ; 83
7346695864115 ;Comercial        ;Isabel    ; 84 ;115 ;118 ; 88 ;166 ; 78 ; 29 ;166 ; 95 ; 93 ;130 ;116
7346695864115 ;Comercial        ;Diana     ; 44 ;135 ; 66 ; 51 ;104 ; 32 ; 71 ; 55 ; 69 ;131 ;  1 ;151
7346695864115 ;Comercial        ;Vitor     ; 75 ;118 ;102 ; 55 ; 73 ;131 ; 29 ; 71 ;118 ; 47 ; 72 ; 88
7346695864115 ;Comercial        ;Maurício  ;126 ;146 ;  0 ;118 ;100 ;176 ;104 ; 42 ; 66 ; 54 ;129 ; 20
7346695864115 ;Comercial        ;Júlia     ;  8 ;172 ;103 ; 79 ;117 ;128 ;161 ; 10 ;  5 ; 54 ;142 ;127
7346695864115 ;Comercial        ;Leticia   ; 49 ;113 ; 62 ;141 ;118 ; 76 ; 36 ; 85 ; 40 ; 93 ; 40 ;150
7346695864115 ;Comercial        ;Calebe    ; 98 ;105 ; 47 ;103 ;113 ;149 ; 73 ; 37 ;145 ; 13 ; 93 ; 52
7346695864115 ;Comercial        ;Igor      ; 66 ; 90 ; 90 ; 98 ; 91 ; 55 ;126 ; 57 ;  7 ; 46 ; 10 ;147
7346695864115 ;Comercial        ;Ângelo    ; 20 ;149 ; 94 ; 32 ;170 ; 17 ;148 ;171 ;109 ;140 ; 92 ; 18
7387011391563 ;Comercial        ;Yasmin    ; 77 ;170 ;151 ; 61 ; 57 ; 95 ; 54 ; 33 ;151 ; 69 ; 22 ;146
7387011391563 ;Comercial        ;Isabel    ;119 ;105 ;131 ;110 ; 68 ;175 ;  7 ;147 ;152 ; 80 ; 68 ;147
7387011391563 ;Comercial        ;Diana     ; 82 ; 47 ;105 ;137 ; 29 ; 68 ;138 ;177 ;158 ;139 ;141 ; 13
7387011391563 ;Comercial        ;Vitor     ; 93 ;103 ;103 ; 71 ; 46 ;105 ;100 ; 50 ;169 ;161 ; 89 ; 41
7387011391563 ;Comercial        ;Maurício  ;117 ; 67 ; 64 ; 67 ;115 ;141 ;139 ;141 ;159 ; 10 ; 31 ;152
7387011391563 ;Comercial        ;Júlia     ;173 ; 42 ;140 ; 94 ; 33 ; 49 ; 15 ; 36 ; 33 ;  4 ; 31 ;130
7387011391563 ;Comercial        ;Leticia   ; 16 ;119 ; 19 ; 23 ; 88 ;  6 ;116 ;  9 ;122 ; 84 ; 61 ;  4
7387011391563 ;Comercial        ;Calebe    ;103 ; 53 ; 34 ; 63 ;  2 ; 19 ;132 ;171 ; 20 ; 59 ;150 ; 24
7387011391563 ;Comercial        ;Igor      ;122 ; 40 ;133 ; 38 ;127 ; 62 ;171 ; 71 ;  1 ;139 ;125 ; 55
7387011391563 ;Comercial        ;Ângelo    ; 94 ; 20 ;132 ;139 ; 12 ;  2 ; 45 ; 47 ;108 ;105 ;141 ;141
1236774484862 ;Visitação Médica ;Yasmin    ;118 ;106 ; 90 ; 95 ; 36 ;144 ;117 ; 69 ; 67 ;  5 ;  1 ; 46
1236774484862 ;Visitação Médica ;Isabel    ; 22 ;139 ; 28 ; 67 ; 31 ; 30 ; 35 ;177 ;178 ;139 ; 53 ; 86
1236774484862 ;Visitação Médica ;Diana     ;151 ; 41 ; 54 ;138 ;107 ;101 ; 19 ;137 ;143 ;158 ; 64 ; 89
1236774484862 ;Visitação Médica ;Vitor     ;165 ; 39 ; 91 ; 17 ;135 ; 52 ; 99 ; 32 ; 10 ;  2 ; 86 ;151
1236774484862 ;Visitação Médica ;Maurício  ;165 ; 17 ; 30 ; 94 ; 35 ;121 ; 51 ; 61 ;  4 ; 45 ;146 ; 17
1236774484862 ;Visitação Médica ;Júlia     ; 13 ; 65 ;111 ;146 ;116 ; 50 ;145 ; 62 ;127 ; 38 ; 51 ; 96
1236774484862 ;Visitação Médica ;Leticia   ; 78 ; 89 ;121 ; 83 ; 37 ;159 ; 28 ; 93 ; 95 ; 49 ;147 ;124
1236774484862 ;Visitação Médica ;Calebe    ;131 ;162 ; 75 ;144 ; 56 ; 36 ;161 ; 38 ; 88 ;131 ; 16 ; 14
1236774484862 ;Visitação Médica ;Igor      ;136 ; 86 ;148 ; 21 ; 51 ; 60 ; 48 ; 26 ;109 ; 15 ; 87 ;113
1236774484862 ;Visitação Médica ;Ângelo    ;156 ; 49 ; 98 ; 31 ;171 ;151 ;103 ; 42 ; 47 ; 83 ; 69 ; 74
4629526767636 ;Visitação Médica ;Yasmin    ;139 ; 30 ;153 ;108 ;175 ; 65 ; 44 ;165 ;  6 ; 89 ;178 ; 19
4629526767636 ;Visitação Médica ;Isabel    ; 12 ; 72 ; 88 ; 85 ; 41 ;162 ; 59 ;110 ;106 ; 90 ; 80 ;130
4629526767636 ;Visitação Médica ;Diana     ;162 ;127 ;136 ; 64 ; 68 ; 41 ; 65 ;139 ; 86 ; 12 ; 91 ; 17
4629526767636 ;Visitação Médica ;Vitor     ;136 ;150 ; 38 ; 53 ; 44 ; 97 ; 80 ; 89 ;127 ; 95 ;113 ; 28
4629526767636 ;Visitação Médica ;Maurício  ;106 ;117 ; 59 ;174 ;158 ;  1 ; 40 ;103 ;117 ; 56 ; 20 ;129
4629526767636 ;Visitação Médica ;Júlia     ; 46 ;155 ; 16 ;122 ;100 ; 66 ;148 ;102 ;168 ;175 ;148 ;162
4629526767636 ;Visitação Médica ;Leticia   ; 33 ;134 ; 60 ; 57 ; 43 ; 76 ; 80 ; 14 ; 55 ; 78 ;146 ; 54
4629526767636 ;Visitação Médica ;Calebe    ;106 ;  6 ; 57 ; 20 ; 99 ; 63 ; 96 ;166 ; 61 ;120 ;114 ;170
4629526767636 ;Visitação Médica ;Igor      ; 73 ;151 ; 71 ;142 ;141 ;100 ;155 ; 87 ; 16 ; 26 ; 81 ;105
4629526767636 ;Visitação Médica ;Ângelo    ;110 ;158 ; 40 ; 76 ;  7 ;156 ;142 ; 31 ;118 ;135 ; 63 ;176
5534351511007 ;Visitação Médica ;Yasmin    ;112 ; 92 ; 31 ;112 ;  9 ; 59 ; 55 ;142 ;  9 ;175 ;139 ;  4
5534351511007 ;Visitação Médica ;Isabel    ; 30 ; 51 ;  6 ; 24 ;158 ; 32 ;157 ;144 ; 30 ;105 ; 65 ; 33
5534351511007 ;Visitação Médica ;Diana     ;121 ; 44 ;163 ;154 ;159 ;  3 ;143 ; 15 ;102 ;173 ;136 ;117
5534351511007 ;Visitação Médica ;Vitor     ; 14 ;113 ;131 ;177 ; 85 ;  7 ;140 ;174 ;125 ;121 ; 83 ;143
5534351511007 ;Visitação Médica ;Maurício  ;176 ; 95 ;173 ; 89 ;149 ;141 ;131 ; 25 ; 80 ;173 ; 50 ; 67
5534351511007 ;Visitação Médica ;Júlia     ;  0 ;115 ; 68 ;100 ;149 ; 50 ; 93 ;176 ;168 ; 47 ;127 ;125
5534351511007 ;Visitação Médica ;Leticia   ;141 ;146 ;  1 ; 67 ;106 ;126 ;124 ;150 ; 87 ;  8 ;  4 ; 48
5534351511007 ;Visitação Médica ;Calebe    ; 50 ;120 ;147 ;171 ; 64 ;103 ;155 ;177 ; 71 ;111 ;143 ;104
5534351511007 ;Visitação Médica ;Igor      ;128 ; 17 ;111 ;110 ; 46 ; 35 ; 86 ; 50 ; 56 ; 44 ; 52 ; 61
5534351511007 ;Visitação Médica ;Ângelo    ;169 ; 31 ;172 ;131 ;154 ;144 ;174 ;112 ;105 ;101 ; 59 ;171
7251452900182 ;Visitação Médica ;Yasmin    ; 39 ;  8 ;147 ; 20 ;132 ;132 ;138 ; 54 ;137 ;100 ;  2 ;172
7251452900182 ;Visitação Médica ;Isabel    ;178 ;157 ;127 ; 85 ;144 ; 57 ;149 ;110 ; 15 ; 10 ; 67 ;  6
7251452900182 ;Visitação Médica ;Diana     ;172 ;129 ; 50 ; 43 ; 24 ;163 ;135 ; 56 ; 28 ;158 ;109 ; 71
7251452900182 ;Visitação Médica ;Vitor     ;130 ;110 ; 85 ; 87 ;159 ;116 ; 52 ;161 ;152 ; 23 ;168 ;175
7251452900182 ;Visitação Médica ;Maurício  ;134 ;125 ; 51 ;135 ;  9 ;139 ; 48 ; 12 ; 93 ; 52 ;160 ;109
7251452900182 ;Visitação Médica ;Júlia     ;150 ;119 ;128 ; 48 ;158 ; 51 ;  0 ; 63 ;125 ;133 ;139 ; 87
7251452900182 ;Visitação Médica ;Leticia   ;126 ; 64 ; 96 ;102 ;116 ;137 ;152 ; 45 ; 83 ; 36 ; 52 ; 62
7251452900182 ;Visitação Médica ;Calebe    ;128 ; 40 ; 53 ; 16 ;  8 ; 47 ; 35 ;105 ; 24 ; 77 ;177 ; 30
7251452900182 ;Visitação Médica ;Igor      ;105 ; 82 ; 26 ; 79 ;164 ; 45 ;103 ;137 ; 11 ;105 ; 74 ; 97
7251452900182 ;Visitação Médica ;Ângelo    ;170 ; 75 ;163 ; 64 ; 29 ; 93 ;164 ; 47 ;147 ; 60 ; 43 ; 30
7346695864115 ;Visitação Médica ;Yasmin    ; 25 ;  4 ;113 ;  1 ;162 ; 26 ;168 ; 52 ;173 ; 44 ; 16 ; 65
7346695864115 ;Visitação Médica ;Isabel    ; 14 ; 84 ; 78 ; 66 ; 71 ;  4 ; 73 ; 37 ; 71 ; 38 ; 68 ;103
7346695864115 ;Visitação Médica ;Diana     ; 45 ;122 ;  6 ; 15 ;  8 ; 44 ;118 ; 33 ;150 ; 73 ; 58 ;  0
7346695864115 ;Visitação Médica ;Vitor     ;133 ; 75 ; 88 ;169 ; 86 ;175 ; 96 ;171 ; 92 ; 45 ;172 ;165
7346695864115 ;Visitação Médica ;Maurício  ;108 ;174 ; 23 ; 40 ; 42 ;  7 ; 60 ; 37 ;111 ; 54 ; 48 ; 66
7346695864115 ;Visitação Médica ;Júlia     ;113 ;103 ; 40 ;126 ;117 ; 52 ; 54 ; 75 ; 92 ;175 ; 35 ;  7
7346695864115 ;Visitação Médica ;Leticia   ;156 ;176 ; 61 ;173 ;154 ; 55 ; 90 ; 12 ; 33 ;  0 ;158 ; 63
7346695864115 ;Visitação Médica ;Calebe    ; 37 ;154 ;147 ; 42 ; 39 ; 82 ; 17 ;103 ;158 ; 64 ; 78 ; 19
7346695864115 ;Visitação Médica ;Igor      ;155 ; 93 ; 67 ;151 ;147 ;171 ;131 ;135 ; 51 ; 26 ; 16 ;164
7346695864115 ;Visitação Médica ;Ângelo    ; 13 ; 73 ; 25 ; 26 ; 64 ;114 ; 47 ; 89 ; 79 ; 98 ;145 ;156
7387011391563 ;Visitação Médica ;Yasmin    ; 94 ;  1 ;111 ;169 ;169 ; 42 ;164 ; 56 ;108 ;106 ; 74 ;125
7387011391563 ;Visitação Médica ;Isabel    ;172 ;117 ; 72 ; 79 ; 41 ;138 ;154 ; 82 ; 88 ;  2 ; 70 ;174
7387011391563 ;Visitação Médica ;Diana     ; 64 ;133 ; 31 ;148 ; 37 ; 48 ;132 ; 50 ;141 ;144 ; 16 ; 48
7387011391563 ;Visitação Médica ;Vitor     ;114 ;107 ;171 ;135 ; 74 ; 98 ;175 ; 58 ; 41 ; 67 ; 58 ;133
7387011391563 ;Visitação Médica ;Maurício  ; 74 ;169 ; 78 ;135 ;120 ; 25 ;171 ;118 ;153 ; 19 ;  5 ;128
7387011391563 ;Visitação Médica ;Júlia     ; 70 ;119 ; 94 ;156 ;145 ; 90 ; 60 ; 73 ;163 ;163 ; 56 ;160
7387011391563 ;Visitação Médica ;Leticia   ;107 ; 56 ; 19 ; 50 ; 31 ;157 ; 86 ; 30 ;149 ; 55 ;138 ; 98
7387011391563 ;Visitação Médica ;Calebe    ;133 ; 97 ;152 ;107 ; 56 ;101 ;133 ;164 ; 67 ; 28 ;158 ;166
7387011391563 ;Visitação Médica ;Igor      ;174 ; 16 ; 88 ; 55 ;158 ;117 ;120 ; 88 ; 48 ;  3 ; 39 ;136
7387011391563 ;Visitação Médica ;Ângelo    ; 96 ; 30 ; 54 ; 18 ; 15 ;172 ;176 ; 69 ; 21 ; 97 ; 39 ; 40
